,text,created_at,retweet_count,favorite_count,is_retweet,word,china_virus,enlargen
0,RT @WhiteHouse: LIVE: Press Briefing with Coronavirus Task Force https://t.co/NB3LRIZHI7,4/16/20 22:07,1362,0,TRUE,Coronavirus,0,0
1,RT @WhiteHouse: To date more than 3.3 million Coronavirus tests have been completed and 48 different tests have been authorized. https://t‚Ä¶,4/15/20 22:51,8350,0,TRUE,Coronavirus,0,0
2,RT @TrumpWarRoom: Media keep asking what the Trump Administration was doing in February to combat the coronavirus after restricting travel‚Ä¶,4/14/20 1:00,21835,0,TRUE,coronavirus,0,0
3,RT @WhiteHouse: LIVE: Press Briefing with Coronavirus Task Force https://t.co/IoHRJuAFbT,4/13/20 21:50,9950,0,TRUE,Coronavirus,0,0
4,Having been involved in the negotiations to put it mildly the number that OPEC+ is looking to cut is 20 Million Barrels a day not the 10 Million that is generally being reported. If anything near this happens and the World gets back to business from the Covid 19.....,4/13/20 13:31,23549,112834,FALSE,Covid,0,0
5,The @nytimes story is a Fake just like the ‚Äúpaper‚Äù itself. I was criticized for moving too fast when I issued the China Ban long before most others wanted to do so. @SecAzar told me nothing until later and Peter Navarro memo was same as Ban (see his statements). Fake News!,4/13/20 2:08,29769,127107,FALSE,China,0,0
6,The @nytimes story is a Fake just like the ‚Äúpaper‚Äù itself. I was criticized for moving too fast when I issued the China Ban long before most others wanted to do so. @SecAzar told me nothing until later and @PeterNavarroUSA memo was same as Ban (see his statements). Fake News!,4/13/20 1:09,9083,33889,FALSE,China,0,0
7,Sorry Fake News it‚Äôs all on tape. I banned China long before people spoke up. Thank you @OANN https://t.co/d40JQkUZg5,4/12/20 22:51,37218,118462,FALSE,China,0,0
8,RT @ChuckRossDC: Scott Gottlieb says @WHO enabled China's obfuscation on coronavirus and that it could have been containable had Beijing n‚Ä¶,4/12/20 22:17,8235,0,TRUE,coronavirus,0,0
9,Great businessman &amp; philanthropist Bernie Marcus Co-Founder of Home Depot said that Congress was too distracted by the (phony) Impeachment Witch Hunt when they should have been investigating  CoronaVirus when it first appeared in China. Media played a big roll also!@dcexaminer,4/12/20 16:14,31704,145456,FALSE,CoronaVirus,0,0
10,Great businessman &amp; philanthropist Bernies Marcus Co-Founder of Home Depot said that Congress was too distracted by the (phony) Impeachment Witch Hunt when they should have been investigating  CoronaVirus when it first appeared in China. Media played a big roll also!@dcexaminer,4/12/20 16:10,1987,1,FALSE,CoronaVirus,0,0
11,So now the Fake News @nytimes is tracing the CoronaVirus origins back to Europe NOT China. This is a first! I wonder what the Failing New York Times got for this one? Are there any NAMED sources? They were recently thrown out of China like dogs and obviously want back in. Sad!,4/11/20 23:34,43408,176521,FALSE,CoronaVirus,0,0
12,So now the Fake News @nytimes is tracing the CoronaVirus origins back to Europe NOT China. This is a first! I wonder where the Failing New York Times got for this one? Are there any NAMED sources? They were recently thrown out of China like dogs and obviously want back in. Sad!,4/11/20 22:27,8950,30643,FALSE,CoronaVirus,0,0
13,So now the Fake News @nytimes is tracing the CoronaVirus origins back to Europe NOT China. This is a first! I wonder what the Failing New York Times got for this one? Are there any NAMED sources? They were recently thrown out of China like dogs and obviously want back in. Sad!,4/11/20 22:22,953,3197,FALSE,CoronaVirus,0,0
14,RT @WhiteHouse: In response to the virus the American people have launched the greatest mobilization of our society since World War II. üá∫üá∏‚Ä¶,4/10/20 20:55,12381,0,TRUE,virus,0,0
15,RT @WhiteHouse: LIVE: Press Briefing with Coronavirus Task Force https://t.co/OtJWAa9yHo,4/10/20 17:53,8428,0,TRUE,Coronavirus,0,0
16,RT @SenTomCotton: .@Max_Fisher claims‚Äîwithout evidence‚Äîthat I believe the China virus was ‚Äúproduced by a Chinese weapons lab.‚Äù He should ha‚Ä¶,4/10/20 12:39,7505,0,TRUE,China,1,1
17,RT @GreggJarrett: Coronavirus Crisis ‚Äì Americans Fear the Lockdown More Than The Virus https://t.co/hVDzBPypAQ,4/10/20 12:34,7873,0,TRUE,Coronavirus,0,0
18,RT @cybergenica: Macron faces calls to allow wider use hydroxychloroquine in coronavirus fight: report https://t.co/APZk7159k0 #FoxNews #CN‚Ä¶,4/10/20 12:19,5844,0,TRUE,coronavirus,0,0
19,RT @KimStrassel: The World Health Organization‚Äôs bows to China have harmed the global response to the coronavirus.  https://t.co/uC0kgXFCK9‚Ä¶,4/10/20 5:19,10874,0,TRUE,China,0,0
20,RT @FrancisBrennan: What is Joe Biden doing with his hand here?It looks like Biden‚Äôs teleprompter went down during his coronavirus press‚Ä¶,4/10/20 5:04,4480,0,TRUE,coronavirus,0,0
21,RT @FLOTUS: As the CDC continues to study the spread of the COVID-19 they recommend people wear cloth face coverings in public settings wh‚Ä¶,4/10/20 5:00,15010,0,TRUE,COVID-19,0,0
22,RT @WhiteHouse: LIVE: Press Briefing with Coronavirus Task Force https://t.co/38GuIW79Gh,4/9/20 22:23,5763,0,TRUE,Coronavirus,0,0
23,.@OANN  A key CoronaVirus Model is now predicting far fewer deaths than the number shown in earlier models. That‚Äôs because the American people are doing a great job. Social Distancing etc. Keep going!,4/9/20 15:08,31291,182657,FALSE,CoronaVirus,0,0
24,RT @WhiteHouse: LIVE: Press Briefing with Coronavirus Task Force https://t.co/jgENbi406M,4/8/20 21:47,6864,0,TRUE,Coronavirus,0,0
25,RT @AP: The last restrictions on movement have been lifted in the central Chinese city where the coronavirus pandemic began. People are goi‚Ä¶,4/8/20 12:25,5136,0,TRUE,Chinese,0,0
26,RT @WhiteHouse: LIVE: Press Briefing with Coronavirus Task Force https://t.co/kszgnReztL,4/7/20 21:43,7494,0,TRUE,Coronavirus,0,0
27,The W.H.O. really blew it. For some reason funded largely by the United States yet very China centric. We will be giving that a good look. Fortunately I rejected their advice on keeping our borders open to China early on. Why did they give us such a faulty recommendation?,4/7/20 15:04,113609,462619,FALSE,China,0,0
28,RT @WhiteHouse: LIVE: Press Briefing with Coronavirus Task Force https://t.co/Noma8NXmag,4/6/20 21:42,8188,0,TRUE,Coronavirus,0,0
29,RT @KatrinaPierson: Starting TONIGHT! @TeamTrump #WarRoomWeeklyFollowing the @realDonaldTrump Covid-19 update!! #KAG2020 üá∫üá∏,4/6/20 13:18,5403,0,TRUE,Covid-19,0,0
30,Advertising in the Failing New York Times is WAY down. Washington Post is not much better. I can‚Äôt say whether this is because they are Fake News sources of information to a level that few can understand or the Virus is just plain beating them up. Fake News is bad for America!,4/6/20 13:08,32064,161225,FALSE,Virus,0,0
31,RT @yaneerbaryam: BREAKING: Coronavirus Outbreak. Good news on multiple frontsUS today now at 23373 yesterday at this time was 30571.‚Ä¶,4/6/20 12:45,12917,0,TRUE,Coronavirus,0,0
32,For humanitarian reasons the passengers from the two CoronaVirus stricken cruise ships have been given medical treatment and when appropriate allowed to disembark under strict supervision. Very carefully done. People we‚Äôre dying &amp; no other countries would allow them to dock!,4/6/20 11:49,16022,78401,FALSE,CoronaVirus,0,0
33,I will be having a White House CoronaVirus Task Force meeting in a short while. May or may not do a News Conference after the meeting depending on new information. Talks &amp; meetings today are proving promising but a rough two weeks are coming up!,4/5/20 19:30,19568,92363,FALSE,CoronaVirus,0,0
34,RT @OANN: RNC Chairwoman Praises President Trump‚Äôs Virus Responsehttps://t.co/77LvKHv5QA #OANN https://t.co/kIHqeO1mZk,4/5/20 2:37,5624,0,TRUE,Virus,0,0
35,RT @OANN: Hydroxychloroquine proving an effective treatment for coronavirus patien... https://t.co/L3imNmv1ua #OANN @PearsonSharp,4/5/20 2:35,7909,0,TRUE,coronavirus,0,0
36,RT @TeamTrump: It took TWO MONTHS for Joe Biden to finally admit that President @realDonaldTrump's decision to restrict travel from China w‚Ä¶,4/5/20 2:25,8632,0,TRUE,China,0,0
37,RT @WhiteHouse: LIVE: Press Briefing with Coronavirus Task Force https://t.co/1hZPOGtyl9,4/4/20 20:14,7757,0,TRUE,Coronavirus,0,0
38,RT @jsolomonReports: Hydroxychloroquine rated top drug by doctors on front line of COVID-19 who also fear a second wave https://t.co/Gk9ixz‚Ä¶,4/4/20 15:25,11380,0,TRUE,COVID-19,0,0
39,RT @jsolomonReports: Trump makes more recommendations for nursing homes where deadly coronavirus spread rapidly https://t.co/Dzeq5A6Pi1,4/4/20 15:21,4484,0,TRUE,coronavirus,0,0
40,RT @jsolomonReports: Trump names White House lawyer to be watchdog over coronavirus bailout money https://t.co/7ajl4T3tny,4/4/20 15:21,6992,0,TRUE,coronavirus,0,0
41,RT @WhiteHouse: LIVE: Press Briefing with Coronavirus Task Force https://t.co/hNZ4Y7sEUl,4/3/20 21:24,6799,0,TRUE,Coronavirus,0,0
42,RT @WhiteHouse: LIVE: Press Briefing with Coronavirus Task Force https://t.co/L80j4W1c8O,4/2/20 21:23,8009,0,TRUE,Coronavirus,0,0
43,RT @WhiteHouse: ‚ÄúWe're at war with COVID-19 we're at war with terrorists and we are at war with the drug cartels . . . We're the United S‚Ä¶,4/1/20 23:23,20209,0,TRUE,COVID-19,0,0
44,RT @WhiteHouse: We are fighting the Coronavirus on every possible front‚Äîand we will achieve total victory with the help of the American peo‚Ä¶,4/1/20 23:22,9063,0,TRUE,Coronavirus,0,0
45,RT @WhiteHouse: LIVE: Press Briefing with Coronavirus Task Force https://t.co/CurosT0chF,3/31/20 21:30,9147,0,TRUE,Coronavirus,0,0
46,RT @CHIZMAGA: Donald Trump donated his salary to fight the virus Nancy Pelosi asked for a raise.This is all you really need to know.,3/31/20 15:13,31668,0,TRUE,virus,0,0
47,"RT @kayleighmcenany: BOOM: @realDonaldTrump obliterates CNN ‚¨áÔ∏è""I want to keep the country calm.""The coronavirus ""will go away.""""We're‚Ä¶",3/31/20 15:10,11662,0,TRUE,coronavirus,0,0
48,RT @RepMattGaetz: Our doctors and healthcare professionals are on the front lines of the coronavirus pandemic. Our prayers are with you as‚Ä¶,3/31/20 14:56,5540,0,TRUE,coronavirus,0,0
49,RT @WhiteHouse: LIVE: Press Briefing with Coronavirus Task Force https://t.co/MLnQHuBDwj,3/30/20 21:13,8570,0,TRUE,Coronavirus,0,0
50,Nancy Pelosi and the Democrats delayed the Workers Help/Stimulus Bill by over a week trying to add real ‚Äújunk‚Äù into the Bill. Got some bad things having nothing to do with those affected by the Virus included. Republicans need their votes until we WIN BACK THE HOUSE IN 2020!,3/30/20 11:17,43360,190297,FALSE,Virus,0,0
51,RT @WhiteHouse: LIVE: Press Briefing with Coronavirus Task Force https://t.co/io9HpU9q2o,3/29/20 21:44,10583,0,TRUE,Coronavirus,0,0
52,‚ÄúPresident Trump is a ratings hit. Since reviving the daily White House briefing Mr. Trump and his coronavirus updates have attracted an average audience of 8.5 million on cable news roughly the viewership of the season finale of ‚ÄòThe Bachelor.‚Äô Numbers are continuing to rise...,3/29/20 17:48,24858,126443,FALSE,coronavirus,0,0
53,Polls are showing tremendous disapproval of Lamestream Media coverage of the Virus crisis. The Fake News just hasn‚Äôt figured that out yet!,3/29/20 16:53,25679,122025,FALSE,Virus,0,0
54,‚ÄúWith the Tax Cuts and new Trade Deals we were set for a tremendous growth rate this year.... and then the Virus came along.‚Äù @larry_kudlow  @MariaBartiromo We were breaking all records especially on employment. It will all come roaring back again and fast!,3/29/20 16:07,16580,80474,FALSE,Virus,0,0
55,RT @Battelle: Coronavirus In Ohio: @Battelle Pioneers Technology To Clean And Reuse PPE | @WOSU Radiohttps://t.co/qE1SFhofW4,3/29/20 15:13,4151,0,TRUE,Coronavirus,0,0
56,RT @VaticanNews: #PopeFrancis delivers an extraordinary blessing ‚ÄúTo the City and to the World‚Äù to pray for an end to the Covid-19 #coronav‚Ä¶,3/29/20 14:48,5129,0,TRUE,Covid-19,0,0
57,On the recommendation of the White House CoronaVirus Task Force and upon consultation with the Governor‚Äôs of New York New Jersey and Connecticut I have asked the @CDCgov to issue a strong Travel Advisory to be administered by the Governors in consultation with the....,3/29/20 0:19,23918,109932,FALSE,CoronaVirus,0,0
58,RT @TeamTrump: President @realDonaldTrump signs coronavirus relief CARES Act! https://t.co/Ine2eOONs2,3/28/20 4:48,8009,0,TRUE,coronavirus,0,0
59,RT @alx: How is that any different than what Hannity has said?Neither said anything wrong. They did not call Coronavirus a Hoax or Scam‚Ä¶,3/28/20 0:56,5586,0,TRUE,Coronavirus,0,0
60,RT @alx: FOX Business Network Fires @trish_regan for Telling the Truth About How Liberal Media Was Using Coronavirus to Take Down Trump -‚Ä¶,3/28/20 0:55,12683,0,TRUE,Coronavirus,0,0
61,RT @SenateGOP: üö® Help is on the way. üö®President @realdonaldtrump just SIGNED the Coronavirus Aid Relief &amp; Economic Security Act into law‚Ä¶,3/27/20 20:39,7192,0,TRUE,Coronavirus,0,0
62,...&amp; costly. Workers &amp; small businesses need money now in order to survive. Virus wasn‚Äôt their fault. It is ‚ÄúHELL‚Äù dealing with the Dems had to give up some stupid things in order to get the ‚Äúbig picture‚Äù done. 90% GREAT! WIN BACK HOUSE but throw Massie out of Republican Party!,3/27/20 13:44,15184,58630,FALSE,Virus,0,0
63,Just finished a very good conversation with President Xi of China. Discussed in great detail the CoronaVirus that is ravaging large parts of our Planet. China has been through much &amp; has developed a strong understanding of the Virus. We are working closely together. Much respect!,3/27/20 5:19,51444,337056,FALSE,CoronaVirus,0,0
64,RT @WhiteHouse: LIVE: Press Briefing with Coronavirus Task Force https://t.co/Z8tK225cN6,3/26/20 21:27,8560,0,TRUE,Coronavirus,0,0
65,RT @LouDobbs: Gallup poll shows strong 60% approval of President @realDonaldTrump's handling of Virus Crisis:   Overall Job Approval Rating‚Ä¶,3/25/20 11:49,13319,0,TRUE,Virus,0,0
66,RT @GreggJarrett: Can We Trust China to Ban Wet Markets? https://t.co/qS5eCF3d0V,3/25/20 11:45,6050,0,TRUE,China,0,0
67,RT @LouDobbs: ‚Å¶Real leadership: @realDonaldTrump‚Å© says there's 'light at the end of the tunnel' as White House pitches $6T coronavirus stim‚Ä¶,3/25/20 11:17,5497,0,TRUE,coronavirus,0,0
68,‚ÄúPresident Trump‚Äôs decision to very early on restrict travel from China saved tens of thousands of lives.‚Äù  @LouDobbs @FoxBusiness,3/25/20 10:14,20642,108681,FALSE,China,0,0
69,RT @WhiteHouse: LIVE: Press Briefing with Coronavirus Task Force https://t.co/wSJapMcrkl,3/24/20 21:44,8320,0,TRUE,Coronavirus,0,0
70,The Hill/HarrisX: 61% to 39% Approval Rating on handling of Coronavirus situation. Thank you!,3/24/20 3:43,14445,72652,FALSE,Coronavirus,0,0
71,Republicans had a deal until Nancy Pelosi rode into town from her extended vacation. The Democrats want the Virus to win? They are asking for things that have nothing to do with our great workers or companies. They want Open Borders &amp; Green New Deal. Republicans shouldn‚Äôt agree!,3/24/20 3:33,49112,196419,FALSE,Virus,0,0
72,....us since the beginning of this crisis.‚Äù They meant the opposite? Forgot to mention that I closed our Country to China (and Europe) very early long before it was considered acceptable to do so. Sleepy Joe said I was ‚Äúxenophobic‚Äù but I saved thousands of lives! Fake News!,3/24/20 2:44,15286,74254,FALSE,China,0,0
73,RT @WhiteHouse: LIVE: Press Briefing with Coronavirus Task Force https://t.co/Ciwe6T4Dr2,3/23/20 22:11,8998,0,TRUE,Coronavirus,0,0
74,RT @SecGeneScalia: .@POTUS signed the bipartisan Families First Coronavirus Response Act last night to support Americans affected by COVID-‚Ä¶,3/23/20 12:47,8070,0,TRUE,Coronavirus,0,0
75,RT @TrumpWarRoom: ‚ö†Ô∏è THREAD: President @realDonaldTrump took decisive action from the beginning to protect Americans from the Chinese coron‚Ä¶,3/23/20 12:41,15581,0,TRUE,Chinese,0,0
76,RT @KamVTV: MSNBC at Coronavirus presser: You were not prepared in beginning of outbreak of virus. Trump: In the beginning when I halted‚Ä¶,3/23/20 12:41,20576,0,TRUE,Coronavirus,0,0
77,RT @AndrewCMcCarthy: Chinese communist regime still claims only a couple of hundred people died in Tiananmen Square massacre. Why would any‚Ä¶,3/23/20 12:32,15366,0,TRUE,Chinese,0,0
78,RT @thebradfordfile: NEVER FORGET -- While Joe Biden was giving Hunter a ride to China on Air Force Two to close a $1.5 billion deal with‚Ä¶,3/23/20 12:25,11424,0,TRUE,China,0,0
79,RT @DonaldJTrumpJr: WHO Spread False Chinese Government Propaganda: Coronavirus Not Contagious Among Humans  https://t.co/Wf0NpA9o7t,3/23/20 12:24,17346,0,TRUE,Chinese,0,0
80,RT @SexCounseling: @realDonaldTrump The fear of the virus cannot collapse our economy that President Trump has built up.  We The People a‚Ä¶,3/23/20 12:00,4548,0,TRUE,virus,0,0
81,My friend (always there when I‚Äôve needed him!) Senator @RandPaul was just tested ‚Äúpositive‚Äù from the Chinese Virus. That is not good! He is strong and will get better. Just spoke to him and he was in good spirits.,3/23/20 1:20,30707,196503,FALSE,Chinese,1,1
82,RT @WhiteHouse: .@FEMA_Pete: FEMA is providing critical support to the Coronavirus response efforts of state local and tribal governments‚Ä¶,3/23/20 0:38,5506,0,TRUE,Coronavirus,0,0
83,RT @WhiteHouse: LIVE: Press Briefing with Coronavirus Task Force https://t.co/bPsEAcwjwb,3/22/20 21:56,9368,0,TRUE,Coronavirus,0,0
84,RT @senatemajldr: Senate Republicans‚Äô proposal the Coronavirus Aid Relief and Economic Security Act will get cash assistance in the han‚Ä¶,3/22/20 13:34,6681,0,TRUE,Coronavirus,0,0
85,RT @senatemajldr: The past two days of intense bipartisan talks are very close to a resolution. An update on the Coronavirus Aid Relief &amp;‚Ä¶,3/22/20 13:27,3839,0,TRUE,Coronavirus,0,0
86,RT @HeyPeggyGG: @TeamCavuto @ltgrusselhonore Coronavirus or no coronavirus Preident @realDonaldTrump hands down should be re-elected based‚Ä¶,3/22/20 10:17,3283,0,TRUE,Coronavirus,0,0
87,RT @TeamCavuto: .@SenJohnKennedy to guest host @cvpayne: Our economy is going to take a short-term hit from the COVID-19 outbreak but I do‚Ä¶,3/22/20 10:12,2502,0,TRUE,COVID-19,0,0
88,RT @Judgenap: Maintaining Freedom in America During Coronavirus Madnesshttps://t.co/gxUMEp0CU9,3/22/20 10:10,2563,0,TRUE,Coronavirus,0,0
89,RT @MariaBartiromo: Why Tom Cotton and Others Are Right To Question Where Coronavirus Started | The National Interest ‚Å¶@SundayFutures‚Å© ‚Å¶@Fo‚Ä¶,3/22/20 10:03,4001,0,TRUE,Coronavirus,0,0
90,RT @WhiteHouse: The Chinese Communist Party Russia Iran and bad actors around the world are spreading misinformation and lies about the‚Ä¶,3/22/20 9:43,12509,0,TRUE,Chinese,0,0
91,RT @CVSHealth: .@cvspharmacy waiving charges for home delivery of prescription medications due to the COVID-19 pandemic. Learn more: https:‚Ä¶,3/22/20 3:40,2809,0,TRUE,COVID-19,0,0
92,RT @kayleighmcenany: If you &amp; CNN would have paid attention to the White House coronavirus briefing you would have the answer.‚ÄúWe have p‚Ä¶,3/22/20 3:31,10936,0,TRUE,coronavirus,0,0
93,RT @RyanAFournier: Fact:Under President Trump the process of getting a coronavirus vaccine into testing has occurred at one of the FASTE‚Ä¶,3/22/20 3:20,12009,0,TRUE,coronavirus,0,0
94,CHINESE VIRUS FACT CHECK https://t.co/qJugCylvE2,3/22/20 2:53,67460,208973,FALSE,CHINESE,1,1
95,RT @MichaelCoudrey: Everyone who thinks coronavirus is harmless or doesn‚Äôt matter should rethink that opinion immediately.This is an extr‚Ä¶,3/21/20 16:04,8685,0,TRUE,coronavirus,0,0
96,RT @WhiteHouse: LIVE: Press Briefing with Coronavirus Task Force https://t.co/km5CdvLvGG,3/20/20 15:50,9277,0,TRUE,Coronavirus,0,0
97,RT @SenShelby: The Senate remains in session this week working to pass monumental legislation to combat the Coronavirus &amp; help the American‚Ä¶,3/20/20 4:43,3806,0,TRUE,Coronavirus,0,0
98,RT @SenatorRisch: üö®Attention Idaho small business ownersüö® If your business has been disrupted or impacted by coronavirus fill out a form w‚Ä¶,3/20/20 4:39,2797,0,TRUE,coronavirus,0,0
99,"RT @SenateGOP: ""In the fight against the coronavirus the Trump administration is not just taking a whole of government approach but a who‚Ä¶",3/20/20 4:38,3221,0,TRUE,coronavirus,0,0
100,RT @ChuckGrassley: 2day the Senate is expected to vote on the bipartisan House bill to provide relief to workers affected by coronavirus I‚Äô‚Ä¶,3/20/20 4:38,2702,0,TRUE,coronavirus,0,0
101,RT @senrobportman: Just voted to pass the Families First Coronavirus Response Act providing:- Free coronavirus testing- Paid sick leave‚Ä¶,3/20/20 4:30,2825,0,TRUE,Coronavirus,0,0
102,RT @NBCNews: JUST IN: US Senate passes coronavirus relief bill that would provide for free coronavirus testing paid family and sick leave‚Ä¶,3/20/20 4:29,3706,0,TRUE,coronavirus,0,0
103,RT @SenFinance: Chairman @ChuckGrassley on the passage of the Families First Coronavirus Response Act:‚úì Increased paid sick leave‚úì Incr‚Ä¶,3/20/20 4:28,2060,0,TRUE,Coronavirus,0,0
104,RT @SenBillCassidy: The economic problems caused by this virus have never been seen before. This package is to help individuals families a‚Ä¶,3/20/20 4:28,2310,0,TRUE,virus,0,0
105,RT @GrassleyPress: BREAKING ‚Üí The Families First Coronavirus Response Act is heading to President @realDonaldTrump‚Äôs desk. https://t.co/po6‚Ä¶,3/20/20 4:27,2135,0,TRUE,Coronavirus,0,0
106,RT @Scavino45: Last night in the Oval Office @POTUS @realDonaldTrump signed into law: H.R. 6201 the ‚ÄúFamilies First Coronavirus Response‚Ä¶,3/20/20 4:24,3944,0,TRUE,Coronavirus,0,0
107,RT @SenateGOP: ‚úì SIGNED by @realDonaldTrumpThe Families First Coronavirus Response Act is now law.,3/20/20 4:22,2938,0,TRUE,Coronavirus,0,0
108,RT @senatemajldr: The Coronavirus Aid Relief &amp; Economic Security Act proposes bold action on four urgent priorities:1. Direct financial‚Ä¶,3/20/20 4:18,4088,0,TRUE,Coronavirus,0,0
109,THANK YOU to our Police Officers Fire Fighters and EMS who help us defeat the Virus every day. Our proud nation is grateful for the unwavering dedication and sacrifice of our First Responders and their families. TOGETHER we will beat this!,3/19/20 22:16,40309,227842,FALSE,Virus,0,0
110,RT @WhiteHouse: When this virus is defeated our great American economy will bounce back rapidly. https://t.co/812JGjlDIm,3/19/20 18:01,11068,0,TRUE,virus,0,0
111,RT @WhiteHouse: LIVE: Press Briefing with Coronavirus Task Force https://t.co/uvFZaWbcME,3/19/20 15:32,7881,0,TRUE,Coronavirus,0,0
112,I only signed the Defense Production Act to combat the Chinese Virus should we need to invoke it in a worst case scenario in the future. Hopefully there will be no need but we are all in this TOGETHER!,3/18/20 21:37,37554,207091,FALSE,Chinese,1,1
113,RT @WhiteHouse: LIVE: Press Briefing with Coronavirus Task Force https://t.co/3WQV4egsWc,3/18/20 16:08,10281,0,TRUE,Coronavirus,0,0
114,I always treated the Chinese Virus very seriously and have done a very good job from the beginning including my very early decision to close the ‚Äúborders‚Äù from China - against the wishes of almost all. Many lives were saved. The Fake News new narrative is disgraceful &amp; false!,3/18/20 11:46,61030,310151,FALSE,Chinese,1,1
115,I will be having a news conference today to discuss very important news from the FDA concerning the Chinese Virus!,3/18/20 11:12,35182,168596,FALSE,Chinese,1,1
116,For the people that are now out of work because of the important and necessary containment policies for instance the shutting down of hotels bars and restaurants money will soon be coming to you. The onslaught of the Chinese Virus is not your fault! Will be stronger than ever!,3/18/20 10:41,46268,222435,FALSE,Chinese,1,1
117,RT @TIME: Officials said the president has authority to take such action during pandemics like the coronavirus outbreak https://t.co/F1hL6U‚Ä¶,3/18/20 3:37,5692,0,TRUE,coronavirus,0,0
118,RT @HouseGOP: Follow these coronavirus guidelines from the @WhiteHouse to keep our families and communities safe:‚ñ™Ô∏è Practice Social Distan‚Ä¶,3/17/20 19:17,4898,0,TRUE,coronavirus,0,0
119,RT @BillCassidy: The White House Coronavirus Task Force and @realDonaldTrump announced new guidelines every American should follow to save‚Ä¶,3/17/20 19:15,3546,0,TRUE,Coronavirus,0,0
120,RT @LouisianaGov: As Louisianans we must practice social distancing to slow the spread of COVID-19 flatten the curve and help keep everyo‚Ä¶,3/17/20 18:58,3194,0,TRUE,COVID-19,0,0
121,RT @Mike_Pence: We‚Äôre asking every American to partner with us in the effort to combat the Coronavirus and be mindful of our vulnerable sen‚Ä¶,3/17/20 18:36,6565,0,TRUE,Coronavirus,0,0
122,RT @Mike_Pence: All of our health experts agree you do not need the results of Coronavirus testing to know what you should do. Every Ameri‚Ä¶,3/17/20 18:36,6674,0,TRUE,Coronavirus,0,0
123,RT @WhiteHouse: LIVE: Press Briefing with Coronavirus Task Force https://t.co/u2AZ7iT4Ob,3/17/20 15:41,7775,0,TRUE,Coronavirus,0,0
124,Cuomo wants ‚Äúall states to be treated the same.‚Äù But all states aren‚Äôt the same. Some are being hit hard by the Chinese Virus some are being hit practically not at all. New York is a very big ‚Äúhotspot‚Äù West Virginia has thus far zero cases. Andrew keep politics out of it....,3/17/20 12:22,38683,180881,FALSE,Chinese,1,1
125,RT @AFP: #UPDATE The first human trial to evaluate a candidate vaccine against the new coronavirus has begun in Seattle US health official‚Ä¶,3/17/20 3:46,10496,0,TRUE,coronavirus,0,0
126,RT @LindseyGrahamSC: I look forward to getting back to work with my Senate colleagues and President Trump to contain this virus and stabili‚Ä¶,3/17/20 3:20,4283,0,TRUE,virus,0,0
127,The United States will be powerfully supporting those industries like Airlines and others that are particularly affected by the Chinese Virus. We will be stronger than ever before!,3/16/20 22:51,71907,327365,FALSE,Chinese,1,1
128,RT @kayleighmcenany: Sleepy Joe is SO CONFUSED. Joe has...- Called the coronavirus ‚ÄúSARS‚Äù- Called the coronavirus the ‚Äúswine flu‚Äù- Ca‚Ä¶,3/16/20 5:00,16263,0,TRUE,coronavirus,0,0
129,"RT @Google_Comms: Statement from Verily: ""We are developing a tool to help triage individuals for Covid-19 testing. Verily is in the early‚Ä¶",3/15/20 18:09,11999,0,TRUE,Covid-19,0,0
130,There will be a News Conference by the CoronaVirus Task Force today at the White House 5 P.M. @VP  We are working closely with the Governors of our Country‚Äôs great States which are a very big factor. They are working hard along with us to get the job properly done.....,3/15/20 17:02,17163,73218,FALSE,CoronaVirus,0,0
131,....The USA was never set up for this just look at the catastrophe of the H1N1 Swine Flu (Biden in charge 17000 people lost very late response time) but it soon will be. Great decision to close our China and other borders early. Saved many lives!,3/15/20 17:02,13441,53048,FALSE,China,0,0
132,COVID-19 UPDATE https://t.co/xzSHlNiS9K,3/14/20 17:54,13544,53325,FALSE,COVID-19,0,0
133,Just finished a meeting on Covid-19 in the Situation Room news conference coming up shortly. https://t.co/JaNDpyMWjL https://t.co/x9lSEXjnea,3/14/20 16:14,11234,51491,FALSE,Covid-19,0,0
134,Attending meetings on Covid-19 in the White House. Working with States and local governments many of whom have done a great job. Full report latter!,3/14/20 13:45,16309,98306,FALSE,Covid-19,0,0
135,RT @RealCandaceO: Good news on the coronavirus you won‚Äôt find anywhere else:-China has closed down its last coronavirus hospital. Not eno‚Ä¶,3/14/20 11:46,25444,0,TRUE,coronavirus,0,0
136,Good teamwork between Republicans &amp; Democrats as the House passes the big CoronaVirus Relief Bill. People really pulled together. Nice to see!,3/14/20 11:37,21946,146459,FALSE,CoronaVirus,0,0
137,RT @GOPChairwoman: POTUS was right to restrict travel from China in January and now there is more evidence that @realDonaldTrump made the‚Ä¶,3/14/20 4:56,11077,0,TRUE,China,0,0
138,RT @GOPChairwoman: The @realDonaldTrump administration‚Äôs coronavirus response has delivered ‚Äúinnovative solutions‚Ä¶at unprecedented speed.‚Äù‚Ä¶,3/14/20 4:56,8226,0,TRUE,coronavirus,0,0
139,RT @kayleighmcenany: Joe Biden just lied saying coronavirus tests should be in the millions not thousands. Has anyone told Joe that 1 m‚Ä¶,3/14/20 3:58,20681,0,TRUE,coronavirus,0,0
140,RT @SaraCarterDC: Trump Declares National Emergency Over Coronavirus Solutions Spur Wall Street Rally Incredible what can be done w/ rig‚Ä¶,3/14/20 3:56,7414,0,TRUE,Coronavirus,0,0
141,I fully support H.R. 6201: Families First CoronaVirus Response Act which will be voted on in the House this evening. This Bill will follow my direction for free CoronaVirus tests and paid sick leave for our impacted American workers. I have directed....,3/14/20 0:42,24754,119568,FALSE,CoronaVirus,0,0
142,RT @GOPChairwoman: Joe Biden has no ground to stand on politicizing coronavirus or attacking @realDonaldTrump.https://t.co/ps7dKDuPtg,3/13/20 10:25,11460,0,TRUE,coronavirus,0,0
143,RT @USATODAY: Viking Cruises cancels all cruises until May 1 due to coronavirus pandemic https://t.co/EGiOedfQx9,3/13/20 1:34,4787,0,TRUE,coronavirus,0,0
144,RT @BW: This German biotech company has made kits with 4 million coronavirus tests since the outbreak began https://t.co/KQczW0srBr,3/13/20 0:35,8929,0,TRUE,coronavirus,0,0
145,108 countries are dealing with the CoronaVirus problem some of which we are helping!,3/12/20 20:02,22609,139490,FALSE,CoronaVirus,0,0
146,RT @JenniferJJacobs: Trump‚Äôs new coronavirus travel prohibitions will not apply to the trade and cargo that flow between Europe and the Uni‚Ä¶,3/12/20 13:40,3261,0,TRUE,coronavirus,0,0
147,I want to thank all of our Great Government officials on the CoronaVirus Task Force who are working around the clock in response to the CoronaVirus. Continue to check https://t.co/boZM2NePJW for updates and follow all recommendations that are available....,3/11/20 19:17,13809,55034,FALSE,CoronaVirus,0,0
148,....Together we are putting into policy a plan to prevent detect treat and create a vaccine against CoronaVirus to save lives in America and the world. America will get it done!,3/11/20 18:52,12441,57851,FALSE,CoronaVirus,0,0
149,Someone needs to tell the Democrats in Congress that CoronaVirus doesn‚Äôt care what party you are in. We need to protect ALL Americans!,3/11/20 18:50,35525,165578,FALSE,CoronaVirus,0,0
150,Our CoronaVirus Team has been doing a great job. Even Democrat governors have been VERY complimentary!,3/10/20 14:44,13031,68152,FALSE,CoronaVirus,0,0
151,RT @alx: .@trish_regan didn‚Äôt say Coronavirus is a scam.. she‚Äôs talking about how Democrats are blaming Trump for it.,3/10/20 4:45,9308,0,TRUE,Coronavirus,0,0
152,RT @WhiteHouse: LIVE: Members of the Coronavirus Task Force Hold a Press Briefing https://t.co/QkF20ooYl5,3/9/20 22:34,9088,0,TRUE,Coronavirus,0,0
153,So last year 37000 Americans died from the common Flu. It averages between 27000 and 70000 per year. Nothing is shut down life &amp; the economy go on. At this moment there are 546 confirmed cases of CoronaVirus with 22 deaths. Think about that!,3/9/20 14:47,83030,291234,FALSE,CoronaVirus,0,0
154,Great job being done by the @VP and the CoronaVirus Task Force. Thank you!,3/9/20 13:11,14505,73246,FALSE,CoronaVirus,0,0
155,The Fake News Media and their partner the Democrat Party is doing everything within its semi-considerable power (it used to be greater!) to inflame the CoronaVirus situation far beyond what the facts would warrant. Surgeon General ‚ÄúThe risk is low to the average American.‚Äù,3/9/20 11:20,25985,90579,FALSE,CoronaVirus,0,0
156,RT @thedailybeast: Surgeon General Jerome Adams used his comments to downplay the risk of coronavirus to the president https://t.co/PA6a3Dv‚Ä¶,3/9/20 5:07,4600,0,TRUE,coronavirus,0,0
157,RT @WhiteHouse: President @realDonaldTrump signed the $8.3 billion funding bill to combat Coronavirus and defend the health and safety of t‚Ä¶,3/8/20 4:04,9972,0,TRUE,Coronavirus,0,0
158,RT @seanhannity: @realdonaldTrump  Donates His Quarterly Salary to Help Fight Coronavirus Find Vaccine https://t.co/k6ihTvlKls,3/8/20 4:02,8063,0,TRUE,Coronavirus,0,0
159,RT @Mike_Pence: As a result of President @realDonaldTrump‚Äôs leadership every state lab in the Country can now conduct Coronavirus testing.‚Ä¶,3/8/20 4:01,11028,0,TRUE,Coronavirus,0,0
160,Spoke to Governor @GavinNewsom early this morning about the cruise ship quarantined off the California Coast. CoronaVirus test kits have been delivered testing is taking place now. https://t.co/Pqda00HVCC,3/6/20 15:47,13078,52003,FALSE,CoronaVirus,0,0
161,It is FAKE NEWS that @HHSGov @SecAzar is ‚Äúsidelined‚Äù from the great job he is doing on the CoronaVirus Task Force. He has the total confidence of the @VP and myself and is doing a fantastic job as the numbers would indicate!,3/6/20 15:38,15204,64081,FALSE,CoronaVirus,0,0
162,Gallup just gave us the highest rating ever for the way we are handling the CoronaVirus situation. The April 2009-10 Swine Flu where nearly 13000 people died in the U.S. was poorly handled. Ask MSDNC &amp; lightweight Washington failure @RonaldKlain who the President was then?,3/5/20 20:34,17909,72791,FALSE,CoronaVirus,0,0
163,With approximately 100000 CoronaVirus cases worldwide and 3280 deaths the United States because of quick action on closing our borders has as of now only 129 cases (40 Americans brought in) and 11 deaths. We are working very hard to keep these numbers as low as possible!,3/5/20 16:34,26758,140561,FALSE,CoronaVirus,0,0
164,‚ÄúI want to commend the President for how he has handled the CoronaVirus situation especially his early decision to shut down access into our Country from China despite strong opposition to that decision.‚Äù @SenTomCotton Thank you Tom!,3/5/20 15:53,12281,56638,FALSE,CoronaVirus,0,0
165,I NEVER said people that are feeling sick should go to work. This is just more Fake News and disinformation put out by the Democrats in particular MSDNC. Comcast covers the CoronaVirus situation horribly only looking to do harm to the incredible &amp; successful effort being made!,3/5/20 14:30,25915,103076,FALSE,CoronaVirus,0,0
166,Australia‚Äôs Central Bank cut interest rates and stated it will most likely further ease in order to make up for China‚Äôs Coronavirus situation and slowdown. They reduced to 0.5% a record low. Other countries are doing the same thing if not more so. Our Federal Reserve has us....,3/3/20 6:34,14267,57003,FALSE,Coronavirus,0,0
167,Australia‚Äôs Central Bank cut interest rates and stated it will most likely further ease in order to make up for China‚Äôs Coronavirus situation and slowdown. They reduced to 0.5% a record low. Other countries are doing the same thing if not more so. Our Federal Reserve has us....,3/3/20 6:27,643,2247,FALSE,Coronavirus,0,0
168,I was criticized by the Democrats when I closed the Country down to China many weeks ahead of what almost everyone recommended. Saved many lives. Dems were working the Impeachment Hoax. They didn‚Äôt have a clue! Now they are fear mongering. Be calm &amp; vigilant!,3/2/20 12:55,36366,160145,FALSE,China,0,0
169,RT @TwitterMoments: President Trump and VP Mike Pence provided further updates on the coronavirus outbreak including travel advisories for‚Ä¶,3/2/20 12:31,4609,0,TRUE,coronavirus,0,0
170,A Poll in today‚Äôs New York Post says that 77% of ‚ÄúU.S. adults have confidence in their government‚Äôs ability to handle the Coronavirus (Number One) compared to other health threats.‚Äù 64% for Zika 58% for Ebola. Others way down on list. Our professionals are doing a great job!,3/1/20 20:17,23042,99929,FALSE,Coronavirus,0,0
171,I will be having a 1:30 P.M. Press Conference at the White House to discuss the latest CoronaVirus developments. Thank you!,2/29/20 17:02,21282,118643,FALSE,CoronaVirus,0,0
172,So the Coronavirus which started in China and spread to various countries throughout the world but very slowly in the U.S. because President Trump closed our border and ended flights VERY EARLY is now being blamed by the Do Nothing Democrats to be the fault of ‚ÄúTrump‚Äù.,2/28/20 5:05,34970,159391,FALSE,Coronavirus,0,0
173,‚ÄúDiagnosis positive: @CNN is infected with Trump Derangement Syndrome. I‚Äôm calling out CNN for irresponsibly politicizing what should be a unifying battle against a virus that doesn‚Äôt choose sides.‚Äù @trish_regan @FoxNews  Like I say they are Fake News!,2/28/20 3:41,24486,89551,FALSE,virus,0,0
174,Congratulations and thank you to our great Vice President &amp; all of the many professionals doing such a fine job at CDC &amp; all other agencies on the Coronavirus situation. Only a very small number in U.S. &amp; China numbers look to be going down. All countries working well together!,2/28/20 2:39,21032,98797,FALSE,Coronavirus,0,0
175,‚ÄúAnti-Trump Network @CNN doing whatever it can to stoke a national Coronavirus panic. The far left Network pretty much ignoring anyone who they interview who doesn‚Äôt blame President Trump.‚Äù @trish_regan @FoxNews Media refuses to discuss the great job our professionals are doing!,2/28/20 1:53,21949,79496,FALSE,Coronavirus,0,0
176,RT @realDonaldTrump: CDC and my Administration are doing a GREAT job of handling Coronavirus including the very early closing of our borde‚Ä¶,2/26/20 7:22,25437,0,TRUE,Coronavirus,0,0
177,RT @realDonaldTrump: ....Democrats talking point is that we are doing badly. If the virus disappeared tomorrow they would say we did a rea‚Ä¶,2/26/20 7:22,15951,0,TRUE,virus,0,0
178,‚ÄúU.S. acted on the Coronavirus very very quickly.‚Äù Gordon Chang  @IngrahamAngle,2/26/20 7:19,11378,54817,FALSE,Coronavirus,0,0
179,RT @LouDobbs: Controlling the Pandemic: Dr. Anthony Fauci says travel restrictions from China puts America a step ahead of Coronavirus outb‚Ä¶,2/26/20 6:49,4629,0,TRUE,China,0,0
180,RT @LouDobbs: Constraining the Pandemic: @SecAzar praises @POTUS‚Äô historically aggressive efforts to control the coronavirus in the U.S. #A‚Ä¶,2/26/20 6:46,4364,0,TRUE,coronavirus,0,0
181,....Democrats talking point is that we are doing badly. If the virus disappeared tomorrow they would say we did a really poor and even incompetent job. Not fair but it is what it is. So far by the way we have not had one death. Let‚Äôs keep it that way!,2/26/20 2:29,15930,67601,FALSE,virus,0,0
182,CDC and my Administration are doing a GREAT job of handling Coronavirus including the very early closing of our borders to certain areas of the world. It was opposed by the Dems ‚Äútoo soon‚Äù but turned out to be the correct decision. No matter how well we do however the.....,2/26/20 2:29,25415,109363,FALSE,Coronavirus,0,0
183,The Coronavirus is very much under control in the USA. We are in contact with everyone and all relevant countries. CDC &amp; World Health have been working hard and very smart. Stock Market starting to look very good to me!,2/24/20 21:42,26995,138245,FALSE,Coronavirus,0,0
187,....he will be successful especially as the weather starts to warm &amp; the virus hopefully becomes weaker and then gone. Great discipline is taking place in China as President Xi strongly leads what will be a very successful operation. We are working closely with China to help!,2/7/20 10:31,9392,51978,FALSE,virus,0,0
189,RT @realDonaldTrump: Working closely with China and others on Coronavirus outbreak. Only 5 people in U.S. all in good recovery.,1/31/20 14:35,22971,0,TRUE,China,0,0
190,Working closely with China and others on Coronavirus outbreak. Only 5 people in U.S. all in good recovery.,1/30/20 22:04,22918,138150,FALSE,China,0,0
191,Just received a briefing on the Coronavirus in China from all of our GREAT agencies who are also working closely with China. We will continue to monitor the ongoing developments. We have the best experts anywhere in the world and they are on top of it 24/7! https://t.co/rrtF1Stk78,1/30/20 0:06,17266,74051,FALSE,Coronavirus,0,0
192,RT @OANN: Johnson &amp; Johnson to create coronavirus vaccine https://t.co/3vFiufKaeV #OANN https://t.co/L4U8K7FRRb,1/28/20 19:11,6008,0,TRUE,coronavirus,0,0
193,RT @SenateForeign: Today I was briefed by leading global health experts about the outbreak of a novel coronavirus in China. We learned that‚Ä¶,1/28/20 3:42,3941,0,TRUE,coronavirus,0,0
194,We are in very close communication with China concerning the virus. Very few cases reported in USA but strongly on watch. We have offered China and President Xi any help that is necessary. Our experts are extraordinary!,1/27/20 14:56,23243,122736,FALSE,China,0,0
195,China has been working very hard to contain the Coronavirus. The United States greatly appreciates their efforts and transparency. It will all work out well. In particular on behalf of the American People I want to thank President Xi!,1/24/20 21:18,22967,124909,FALSE,China,0,1